<?xml version="1.0" encoding="UTF-8"?>
<project-private xmlns="http://www.netbeans.org/ns/project-private/1">
    <editor-bookmarks xmlns="http://www.netbeans.org/ns/editor-bookmarks/2" lastBookmarkId="0"/>
    <open-files xmlns="http://www.netbeans.org/ns/projectui-open-files/2">
        <group>
            <file>file:/C:/xampp/htdocs/socmed_vera_b/index.php</file>
            <file>file:/C:/xampp/htdocs/socmed_vera_b/sign-up.php</file>
            <file>file:/C:/xampp/htdocs/socmed_vera_b/models/sign-out.php</file>
            <file>file:/C:/xampp/htdocs/socmed_vera_b/models/signup-user.php</file>
            <file>file:/C:/xampp/htdocs/socmed_vera_b/models/signin-user.php</file>
            <file>file:/C:/xampp/htdocs/socmed_vera_b/views/header.php</file>
            <file>file:/C:/xampp/htdocs/socmed_vera_b/sign-in.php</file>
            <file>file:/C:/xampp/htdocs/socmed_vera_b/%20sign-out.php</file>
            <file>file:/C:/xampp/htdocs/socmed_vera_b/profile.php</file>
            <file>file:/C:/xampp/htdocs/socmed_vera_b/models/dbconnection.php</file>
        </group>
    </open-files>
</project-private>
